0.0,0.0,0.0,0.0,0.0,0.0,0.0,0.0,0.0,0.0,0.0,0.0,0.0,0.0,0.0,0.0,0.0,0.0,0.0,0.0,0.0,0.0,0.0,0.0,0.0,0.0,0.0,0.0,0.0,0.0,0.0,0.0
1.5135612484362082,1.5848931924611136,1.5848931924611136,1.6595869074375607,1.5848931924611136,1.5135612484362082,1.5135612484362082,1.5135612484362082,1.5135612484362082,1.5135612484362082,1.5848931924611136,1.5848931924611136,1.6595869074375607,1.5848931924611136,1.5135612484362082,1.5135612484362082,1.5135612484362082,1.5135612484362082,1.5848931924611136,1.5848931924611136,1.5848931924611136,1.6595869074375607,1.5848931924611136,1.5848931924611136,1.5848931924611136,1.5848931924611136,1.5848931924611136,1.5848931924611136,1.6595869074375607,1.5848931924611136,1.5848931924611136,1.5135612484362082
1.5848931924611136,1.6595869074375607,1.5848931924611136,1.5848931924611136,1.6595869074375607,1.6595869074375607,1.6595869074375607,1.6595869074375607,1.5848931924611136,1.6595869074375607,1.6595869074375607,1.6595869074375607,1.9054607179632472,1.7378008287493754,1.6595869074375607,1.5848931924611136,1.5848931924611136,1.6595869074375607,1.6595869074375607,1.6595869074375607,1.6595869074375607,1.6595869074375607,1.6595869074375607,1.6595869074375607,1.6595869074375607,1.6595869074375607,1.7378008287493754,1.6595869074375607,1.6595869074375607,1.6595869074375607,1.6595869074375607,1.6595869074375607
1.7378008287493754,1.8197008586099834,1.8197008586099834,1.8197008586099834,1.8197008586099834,1.9054607179632472,1.7378008287493754,1.7378008287493754,1.7378008287493754,1.7378008287493754,1.6595869074375607,1.7378008287493754,1.7378008287493754,1.6595869074375607,1.7378008287493754,1.7378008287493754,1.7378008287493754,1.7378008287493754,1.8197008586099834,1.7378008287493754,1.7378008287493754,1.7378008287493754,1.7378008287493754,1.7378008287493754,1.7378008287493754,1.7378008287493754,1.7378008287493754,1.7378008287493754,1.6595869074375607,1.6595869074375607,1.6595869074375607,1.6595869074375607
1.7378008287493754,1.7378008287493754,1.7378008287493754,1.7378008287493754,1.7378008287493754,1.7378008287493754,1.7378008287493754,1.7378008287493754,1.8197008586099834,1.8197008586099834,1.9054607179632472,1.8197008586099834,1.8197008586099834,1.7378008287493754,1.8197008586099834,1.8197008586099834,1.8197008586099834,1.8197008586099834,1.9054607179632472,1.8197008586099834,1.8197008586099834,1.8197008586099834,1.7378008287493754,1.8197008586099834,1.8197008586099834,1.8197008586099834,1.7378008287493754,1.7378008287493754,1.7378008287493754,1.7378008287493754,1.6595869074375607,1.6595869074375607
1.6595869074375607,1.6595869074375607,1.6595869074375607,1.6595869074375607,1.6595869074375607,1.6595869074375607,1.6595869074375607,1.6595869074375607,1.6595869074375607,1.6595869074375607,1.6595869074375607,1.9054607179632472,1.7378008287493754,1.6595869074375607,1.6595869074375607,1.6595869074375607,1.6595869074375607,1.6595869074375607,1.7378008287493754,1.6595869074375607,1.6595869074375607,1.6595869074375607,1.6595869074375607,1.6595869074375607,1.6595869074375607,1.6595869074375607,1.6595869074375607,1.6595869074375607,1.6595869074375607,1.6595869074375607,1.6595869074375607,1.6595869074375607
1.6595869074375607,1.6595869074375607,1.6595869074375607,1.6595869074375607,1.6595869074375607,1.6595869074375607,1.6595869074375607,1.6595869074375607,1.6595869074375607,1.7378008287493754,1.6595869074375607,1.6595869074375607,1.6595869074375607,1.6595869074375607,1.6595869074375607,1.6595869074375607,1.7378008287493754,1.6595869074375607,1.8197008586099834,1.7378008287493754,1.6595869074375607,1.7378008287493754,1.6595869074375607,1.6595869074375607,1.6595869074375607,1.6595869074375607,1.6595869074375607,1.6595869074375607,1.6595869074375607,1.7378008287493754,1.7378008287493754,1.6595869074375607
1.6595869074375607,1.6595869074375607,1.7378008287493754,1.7378008287493754,1.7378008287493754,1.7378008287493754,1.7378008287493754,1.7378008287493754,1.7378008287493754,1.7378008287493754,1.7378008287493754,1.7378008287493754,1.7378008287493754,1.8197008586099834,1.8197008586099834,1.7378008287493754,1.7378008287493754,1.7378008287493754,1.9054607179632472,1.8197008586099834,1.7378008287493754,1.7378008287493754,1.7378008287493754,1.7378008287493754,1.7378008287493754,1.7378008287493754,1.7378008287493754,1.7378008287493754,1.7378008287493754,1.7378008287493754,1.7378008287493754,1.7378008287493754
1.5848931924611136,1.5848931924611136,1.5848931924611136,1.5848931924611136,1.5848931924611136,1.6595869074375607,1.6595869074375607,1.5848931924611136,1.5848931924611136,1.5848931924611136,1.5848931924611136,1.6595869074375607,1.6595869074375607,1.6595869074375607,1.6595869074375607,1.6595869074375607,1.6595869074375607,1.6595869074375607,1.6595869074375607,1.5848931924611136,1.5848931924611136,1.5848931924611136,1.5848931924611136,1.6595869074375607,1.5848931924611136,1.6595869074375607,1.6595869074375607,1.7378008287493754,1.7378008287493754,1.6595869074375607,1.7378008287493754,1.5848931924611136
1.5848931924611136,1.5848931924611136,1.5848931924611136,1.6595869074375607,1.6595869074375607,1.5848931924611136,1.5848931924611136,1.5848931924611136,1.5848931924611136,1.6595869074375607,1.7378008287493754,1.6595869074375607,1.5848931924611136,1.6595869074375607,1.6595869074375607,1.6595869074375607,1.6595869074375607,1.6595869074375607,1.7378008287493754,1.6595869074375607,1.5848931924611136,1.5848931924611136,1.5848931924611136,1.6595869074375607,1.6595869074375607,1.6595869074375607,1.6595869074375607,1.6595869074375607,1.7378008287493754,1.6595869074375607,1.6595869074375607,1.6595869074375607
1.5135612484362082,1.5135612484362082,1.5135612484362082,1.5135612484362082,1.5848931924611136,1.5848931924611136,1.5135612484362082,1.5135612484362082,1.5135612484362082,1.5848931924611136,1.6595869074375607,1.5848931924611136,1.5848931924611136,1.5848931924611136,1.5848931924611136,1.5848931924611136,1.5135612484362082,1.5848931924611136,1.6595869074375607,1.5848931924611136,1.5848931924611136,1.5135612484362082,1.5848931924611136,1.5135612484362082,1.5848931924611136,1.5848931924611136,1.5848931924611136,1.5848931924611136,1.5848931924611136,1.5135612484362082,1.5135612484362082,1.5135612484362082
1.3803842646028848,1.3803842646028848,1.3803842646028848,1.3803842646028848,1.3803842646028848,1.3803842646028848,1.3803842646028848,1.4454397707459274,1.4454397707459274,1.5135612484362082,1.4454397707459274,1.3803842646028848,1.3803842646028848,1.3803842646028848,1.3803842646028848,1.3803842646028848,1.3803842646028848,1.3803842646028848,1.4454397707459274,1.3803842646028848,1.4454397707459274,1.4454397707459274,1.3803842646028848,1.4454397707459274,1.4454397707459274,1.3803842646028848,1.3803842646028848,1.5135612484362082,1.4454397707459274,1.4454397707459274,1.4454397707459274,1.4454397707459274
1.5848931924611136,1.5848931924611136,1.5848931924611136,1.5848931924611136,1.6595869074375607,1.6595869074375607,1.6595869074375607,1.7378008287493754,1.7378008287493754,1.8197008586099834,1.7378008287493754,1.6595869074375607,1.6595869074375607,1.6595869074375607,1.6595869074375607,1.6595869074375607,1.6595869074375607,1.6595869074375607,1.7378008287493754,1.7378008287493754,1.6595869074375607,1.6595869074375607,1.6595869074375607,1.6595869074375607,1.6595869074375607,1.7378008287493754,1.7378008287493754,1.7378008287493754,1.7378008287493754,1.7378008287493754,1.7378008287493754,1.7378008287493754
1.5848931924611136,1.5848931924611136,1.5848931924611136,1.5848931924611136,1.5848931924611136,1.5848931924611136,1.6595869074375607,1.5848931924611136,1.5848931924611136,1.6595869074375607,1.5848931924611136,1.5848931924611136,1.6595869074375607,1.6595869074375607,1.6595869074375607,1.6595869074375607,1.6595869074375607,1.6595869074375607,1.6595869074375607,1.6595869074375607,1.6595869074375607,1.6595869074375607,1.7378008287493754,1.6595869074375607,1.6595869074375607,1.6595869074375607,1.7378008287493754,1.6595869074375607,1.6595869074375607,1.6595869074375607,1.6595869074375607,1.5848931924611136
1.5135612484362082,1.5135612484362082,1.5135612484362082,1.5135612484362082,1.5848931924611136,1.5848931924611136,1.6595869074375607,1.6595869074375607,1.6595869074375607,1.6595869074375607,1.5848931924611136,1.5848931924611136,1.5848931924611136,1.5848931924611136,1.5848931924611136,1.5848931924611136,1.5848931924611136,1.5135612484362082,1.6595869074375607,1.5848931924611136,1.5848931924611136,1.5848931924611136,1.5848931924611136,1.5848931924611136,1.5848931924611136,1.5135612484362082,1.5135612484362082,1.5848931924611136,1.5848931924611136,1.5848931924611136,1.5848931924611136,1.5848931924611136
1.4454397707459274,1.5135612484362082,1.5135612484362082,1.5135612484362082,1.5135612484362082,1.5135612484362082,1.5848931924611136,1.6595869074375607,1.5848931924611136,1.5848931924611136,1.5135612484362082,1.5135612484362082,1.4454397707459274,1.4454397707459274,1.5135612484362082,1.5135612484362082,1.5135612484362082,1.5135612484362082,1.5848931924611136,1.5135612484362082,1.5135612484362082,1.5135612484362082,1.5135612484362082,1.5135612484362082,1.5848931924611136,1.5135612484362082,1.5135612484362082,1.5135612484362082,1.5848931924611136,1.5848931924611136,1.5848931924611136,1.5135612484362082
1.6595869074375607,1.6595869074375607,1.6595869074375607,1.7378008287493754,1.7378008287493754,1.7378008287493754,1.6595869074375607,1.7378008287493754,1.7378008287493754,1.7378008287493754,1.7378008287493754,1.7378008287493754,1.7378008287493754,1.7378008287493754,1.7378008287493754,1.7378008287493754,1.7378008287493754,1.7378008287493754,1.8197008586099834,1.7378008287493754,1.8197008586099834,1.7378008287493754,1.7378008287493754,1.7378008287493754,1.7378008287493754,1.7378008287493754,1.7378008287493754,1.7378008287493754,1.7378008287493754,1.7378008287493754,1.8197008586099834,1.6595869074375607
1.5848931924611136,1.5848931924611136,1.5848931924611136,1.5848931924611136,1.5848931924611136,1.6595869074375607,1.6595869074375607,1.6595869074375607,1.6595869074375607,1.6595869074375607,1.6595869074375607,1.6595869074375607,1.6595869074375607,1.6595869074375607,1.6595869074375607,1.6595869074375607,1.6595869074375607,1.6595869074375607,1.7378008287493754,1.6595869074375607,1.6595869074375607,1.6595869074375607,1.6595869074375607,1.6595869074375607,1.6595869074375607,1.6595869074375607,1.6595869074375607,1.6595869074375607,1.7378008287493754,1.6595869074375607,1.6595869074375607,1.5848931924611136
1.3803842646028848,1.3803842646028848,1.3803842646028848,1.3803842646028848,1.4454397707459274,1.4454397707459274,1.4454397707459274,1.4454397707459274,1.5135612484362082,1.5848931924611136,1.4454397707459274,1.4454397707459274,1.4454397707459274,1.4454397707459274,1.4454397707459274,1.4454397707459274,1.4454397707459274,1.4454397707459274,1.5135612484362082,1.4454397707459274,1.4454397707459274,1.4454397707459274,1.5135612484362082,1.5135612484362082,1.5135612484362082,1.5135612484362082,1.5135612484362082,1.4454397707459274,1.4454397707459274,1.4454397707459274,1.4454397707459274,1.4454397707459274
1.5848931924611136,1.5135612484362082,1.5848931924611136,1.5848931924611136,1.5848931924611136,1.5848931924611136,1.5848931924611136,1.5848931924611136,1.5848931924611136,1.6595869074375607,1.5848931924611136,1.6595869074375607,1.6595869074375607,1.5848931924611136,1.6595869074375607,1.6595869074375607,1.6595869074375607,1.6595869074375607,1.7378008287493754,1.6595869074375607,1.6595869074375607,1.6595869074375607,1.6595869074375607,1.6595869074375607,1.6595869074375607,1.6595869074375607,1.5848931924611136,1.6595869074375607,1.5848931924611136,1.5848931924611136,1.5848931924611136,1.5848931924611136
1.5135612484362082,1.5135612484362082,1.5135612484362082,1.5135612484362082,1.5135612484362082,1.5848931924611136,1.5848931924611136,1.5848931924611136,1.5848931924611136,1.5848931924611136,1.5135612484362082,1.5848931924611136,1.5135612484362082,1.5848931924611136,1.5135612484362082,1.5848931924611136,1.5848931924611136,1.5848931924611136,1.5848931924611136,1.5135612484362082,1.5848931924611136,1.5135612484362082,1.5848931924611136,1.6595869074375607,1.6595869074375607,1.6595869074375607,1.5848931924611136,1.5848931924611136,1.5848931924611136,1.5848931924611136,1.5848931924611136,1.5848931924611136
1.6595869074375607,1.6595869074375607,1.6595869074375607,1.6595869074375607,1.7378008287493754,1.7378008287493754,1.7378008287493754,1.7378008287493754,1.7378008287493754,1.8197008586099834,1.7378008287493754,1.7378008287493754,1.7378008287493754,1.8197008586099834,1.8197008586099834,1.7378008287493754,1.8197008586099834,1.9054607179632472,1.9054607179632472,1.8197008586099834,1.8197008586099834,1.7378008287493754,1.7378008287493754,1.8197008586099834,1.8197008586099834,1.8197008586099834,1.8197008586099834,1.8197008586099834,1.8197008586099834,1.8197008586099834,1.8197008586099834,1.7378008287493754
1.4454397707459274,1.4454397707459274,1.5135612484362082,1.5848931924611136,1.5848931924611136,1.5848931924611136,1.5848931924611136,1.5848931924611136,1.5848931924611136,1.5848931924611136,1.5135612484362082,1.5135612484362082,1.5848931924611136,1.5848931924611136,1.5848931924611136,1.5848931924611136,1.5848931924611136,1.5848931924611136,1.5848931924611136,1.5848931924611136,1.5848931924611136,1.5135612484362082,1.5135612484362082,1.5848931924611136,1.5848931924611136,1.5848931924611136,1.5135612484362082,1.5135612484362082,1.5135612484362082,1.5848931924611136,1.5848931924611136,1.5848931924611136
1.5848931924611136,1.5848931924611136,1.5848931924611136,1.5848931924611136,1.6595869074375607,1.6595869074375607,1.6595869074375607,1.7378008287493754,1.6595869074375607,1.7378008287493754,1.6595869074375607,1.7378008287493754,1.7378008287493754,1.6595869074375607,1.6595869074375607,1.7378008287493754,1.7378008287493754,1.7378008287493754,1.8197008586099834,1.7378008287493754,1.7378008287493754,1.6595869074375607,1.7378008287493754,1.7378008287493754,1.6595869074375607,1.6595869074375607,1.6595869074375607,1.6595869074375607,1.6595869074375607,1.6595869074375607,1.6595869074375607,1.7378008287493754
1.5848931924611136,1.5135612484362082,1.5848931924611136,1.5848931924611136,1.5848931924611136,1.5848931924611136,1.6595869074375607,1.6595869074375607,1.6595869074375607,1.6595869074375607,1.6595869074375607,1.6595869074375607,1.6595869074375607,1.6595869074375607,1.6595869074375607,1.6595869074375607,1.6595869074375607,1.7378008287493754,1.7378008287493754,1.6595869074375607,1.6595869074375607,1.6595869074375607,1.6595869074375607,1.6595869074375607,1.5848931924611136,1.5848931924611136,1.5848931924611136,1.7378008287493754,1.6595869074375607,1.6595869074375607,1.6595869074375607,1.5848931924611136
1.6595869074375607,1.6595869074375607,1.6595869074375607,1.7378008287493754,1.7378008287493754,1.7378008287493754,1.7378008287493754,1.7378008287493754,1.7378008287493754,1.7378008287493754,1.7378008287493754,1.7378008287493754,1.7378008287493754,1.7378008287493754,1.8197008586099834,1.7378008287493754,1.8197008586099834,1.8197008586099834,1.9054607179632472,1.8197008586099834,1.8197008586099834,1.7378008287493754,1.8197008586099834,1.7378008287493754,1.7378008287493754,1.6595869074375607,1.7378008287493754,1.7378008287493754,1.7378008287493754,1.7378008287493754,1.7378008287493754,1.8197008586099834
1.5848931924611136,1.5848931924611136,1.5848931924611136,1.5848931924611136,1.6595869074375607,1.6595869074375607,1.6595869074375607,1.6595869074375607,1.6595869074375607,1.6595869074375607,1.6595869074375607,1.7378008287493754,1.7378008287493754,1.7378008287493754,1.7378008287493754,1.7378008287493754,1.7378008287493754,1.7378008287493754,1.8197008586099834,1.7378008287493754,1.7378008287493754,1.7378008287493754,1.6595869074375607,1.6595869074375607,1.5848931924611136,1.5848931924611136,1.5848931924611136,1.6595869074375607,1.6595869074375607,1.6595869074375607,1.6595869074375607,1.5848931924611136
1.4454397707459274,1.4454397707459274,1.4454397707459274,1.4454397707459274,1.4454397707459274,1.4454397707459274,1.4454397707459274,1.4454397707459274,1.4454397707459274,1.4454397707459274,1.5848931924611136,1.5135612484362082,1.5135612484362082,1.5135612484362082,1.5135612484362082,1.5135612484362082,1.5135612484362082,1.5848931924611136,1.5848931924611136,1.5848931924611136,1.5135612484362082,1.5135612484362082,1.5135612484362082,1.5135612484362082,1.5135612484362082,1.5848931924611136,1.5135612484362082,1.5135612484362082,1.5135612484362082,1.5135612484362082,1.5135612484362082,1.5848931924611136
1.5848931924611136,1.5848931924611136,1.5848931924611136,1.5848931924611136,1.5848931924611136,1.5848931924611136,1.6595869074375607,1.6595869074375607,1.6595869074375607,1.6595869074375607,1.6595869074375607,1.6595869074375607,1.7378008287493754,1.6595869074375607,1.7378008287493754,1.7378008287493754,1.6595869074375607,1.7378008287493754,1.7378008287493754,1.7378008287493754,1.6595869074375607,1.7378008287493754,1.6595869074375607,1.6595869074375607,1.6595869074375607,1.7378008287493754,1.6595869074375607,1.6595869074375607,1.6595869074375607,1.6595869074375607,1.6595869074375607,1.6595869074375607
1.7378008287493754,1.7378008287493754,1.7378008287493754,1.7378008287493754,1.7378008287493754,1.7378008287493754,1.7378008287493754,1.8197008586099834,1.8197008586099834,1.8197008586099834,1.7378008287493754,1.8197008586099834,1.8197008586099834,1.8197008586099834,1.8197008586099834,1.8197008586099834,1.8197008586099834,1.8197008586099834,1.9054607179632472,1.8197008586099834,1.8197008586099834,1.8197008586099834,1.8197008586099834,1.8197008586099834,1.7378008287493754,1.8197008586099834,1.7378008287493754,1.7378008287493754,1.7378008287493754,1.7378008287493754,1.7378008287493754,1.7378008287493754
1.6595869074375607,1.6595869074375607,1.7378008287493754,1.6595869074375607,1.6595869074375607,1.6595869074375607,1.5848931924611136,1.5848931924611136,1.5848931924611136,1.5848931924611136,1.5848931924611136,1.5848931924611136,1.6595869074375607,1.7378008287493754,1.6595869074375607,1.6595869074375607,1.6595869074375607,1.5848931924611136,1.6595869074375607,1.6595869074375607,1.5848931924611136,1.6595869074375607,1.6595869074375607,1.6595869074375607,1.5848931924611136,1.6595869074375607,1.7378008287493754,1.6595869074375607,1.6595869074375607,1.6595869074375607,1.6595869074375607,1.6595869074375607
1.4454397707459274,1.4454397707459274,1.5135612484362082,1.5135612484362082,1.5135612484362082,1.5135612484362082,1.5848931924611136,1.5848931924611136,1.5848931924611136,1.5848931924611136,1.5135612484362082,1.5135612484362082,1.5135612484362082,1.5848931924611136,1.5848931924611136,1.5848931924611136,1.5848931924611136,1.5848931924611136,1.5848931924611136,1.5135612484362082,1.5135612484362082,1.5135612484362082,1.5135612484362082,1.5135612484362082,1.5135612484362082,1.5135612484362082,1.5135612484362082,1.5135612484362082,1.5135612484362082,1.5848931924611136,1.5135612484362082,1.5135612484362082
1.6595869074375607,1.6595869074375607,1.7378008287493754,1.6595869074375607,1.6595869074375607,1.6595869074375607,1.6595869074375607,1.6595869074375607,1.6595869074375607,1.7378008287493754,1.6595869074375607,1.6595869074375607,1.6595869074375607,1.6595869074375607,1.6595869074375607,1.6595869074375607,1.7378008287493754,1.6595869074375607,1.7378008287493754,1.6595869074375607,1.7378008287493754,1.6595869074375607,1.6595869074375607,1.6595869074375607,1.6595869074375607,1.6595869074375607,1.5848931924611136,1.6595869074375607,1.5848931924611136,1.6595869074375607,1.5848931924611136,1.5848931924611136
1.5135612484362082,1.5135612484362082,1.5848931924611136,1.5135612484362082,1.5848931924611136,1.5848931924611136,1.5848931924611136,1.6595869074375607,1.6595869074375607,1.6595869074375607,1.6595869074375607,1.6595869074375607,1.6595869074375607,1.6595869074375607,1.6595869074375607,1.5848931924611136,1.7378008287493754,1.7378008287493754,1.8197008586099834,1.7378008287493754,1.6595869074375607,1.6595869074375607,1.5848931924611136,1.5848931924611136,1.5848931924611136,1.5848931924611136,1.5848931924611136,1.5848931924611136,1.5848931924611136,1.5848931924611136,1.6595869074375607,1.5848931924611136
1.6595869074375607,1.6595869074375607,1.6595869074375607,1.6595869074375607,1.7378008287493754,1.7378008287493754,1.7378008287493754,1.7378008287493754,1.8197008586099834,1.8197008586099834,1.9054607179632472,1.8197008586099834,1.8197008586099834,1.9054607179632472,1.9054607179632472,1.7378008287493754,1.8197008586099834,1.9054607179632472,1.9952623149688795,1.8197008586099834,1.7378008287493754,1.7378008287493754,1.7378008287493754,1.7378008287493754,1.7378008287493754,1.7378008287493754,1.7378008287493754,1.7378008287493754,1.7378008287493754,1.7378008287493754,1.7378008287493754,1.7378008287493754
1.6595869074375607,1.6595869074375607,1.6595869074375607,1.6595869074375607,1.7378008287493754,1.6595869074375607,1.6595869074375607,1.7378008287493754,1.7378008287493754,1.7378008287493754,1.8197008586099834,1.8197008586099834,1.8197008586099834,1.7378008287493754,1.7378008287493754,1.7378008287493754,1.7378008287493754,1.8197008586099834,1.9952623149688795,1.8197008586099834,1.7378008287493754,1.7378008287493754,1.7378008287493754,1.7378008287493754,1.7378008287493754,1.6595869074375607,1.6595869074375607,1.6595869074375607,1.7378008287493754,1.6595869074375607,1.6595869074375607,1.6595869074375607
1.5135612484362082,1.5135612484362082,1.5135612484362082,1.5135612484362082,1.5135612484362082,1.5135612484362082,1.5135612484362082,1.5135612484362082,1.5848931924611136,1.5848931924611136,1.5848931924611136,1.6595869074375607,1.6595869074375607,1.6595869074375607,1.5848931924611136,1.5848931924611136,1.5848931924611136,1.5848931924611136,1.6595869074375607,1.6595869074375607,1.6595869074375607,1.5848931924611136,1.5848931924611136,1.5848931924611136,1.5848931924611136,1.5135612484362082,1.5135612484362082,1.5135612484362082,1.5135612484362082,1.5848931924611136,1.5848931924611136,1.5848931924611136
1.8197008586099834,1.5848931924611136,1.5135612484362082,1.5135612484362082,1.5135612484362082,1.5135612484362082,1.5135612484362082,1.5135612484362082,1.5848931924611136,1.5848931924611136,1.7378008287493754,1.6595869074375607,1.6595869074375607,1.6595869074375607,1.6595869074375607,1.6595869074375607,1.5848931924611136,1.5848931924611136,1.6595869074375607,1.5848931924611136,1.6595869074375607,1.5848931924611136,1.6595869074375607,1.5848931924611136,1.5848931924611136,1.5848931924611136,1.5848931924611136,1.5848931924611136,1.5848931924611136,1.5848931924611136,1.6595869074375607,1.5848931924611136
1.3803842646028848,1.3803842646028848,1.3803842646028848,1.3803842646028848,1.3803842646028848,1.3803842646028848,1.3803842646028848,1.4454397707459274,1.4454397707459274,1.3803842646028848,1.3803842646028848,1.3803842646028848,1.3803842646028848,1.4454397707459274,1.3803842646028848,1.4454397707459274,1.5135612484362082,1.4454397707459274,1.4454397707459274,1.4454397707459274,1.4454397707459274,1.4454397707459274,1.4454397707459274,1.3803842646028848,1.4454397707459274,1.3803842646028848,1.3803842646028848,1.3803842646028848,1.3803842646028848,1.4454397707459274,1.5135612484362082,1.4454397707459274
1.7378008287493754,1.7378008287493754,1.7378008287493754,1.7378008287493754,1.7378008287493754,1.7378008287493754,1.7378008287493754,1.7378008287493754,1.7378008287493754,1.8197008586099834,1.8197008586099834,1.8197008586099834,1.8197008586099834,1.8197008586099834,1.8197008586099834,1.8197008586099834,1.8197008586099834,1.9054607179632472,1.9054607179632472,1.8197008586099834,1.8197008586099834,1.8197008586099834,1.8197008586099834,1.8197008586099834,1.8197008586099834,1.8197008586099834,1.7378008287493754,1.7378008287493754,1.8197008586099834,1.9054607179632472,1.9054607179632472,1.8197008586099834
1.6595869074375607,1.7378008287493754,1.7378008287493754,1.7378008287493754,1.7378008287493754,1.7378008287493754,1.8197008586099834,1.7378008287493754,1.8197008586099834,1.8197008586099834,1.7378008287493754,1.7378008287493754,1.8197008586099834,1.7378008287493754,1.7378008287493754,1.8197008586099834,1.8197008586099834,1.8197008586099834,1.9054607179632472,1.8197008586099834,1.7378008287493754,1.7378008287493754,1.7378008287493754,1.7378008287493754,1.7378008287493754,1.7378008287493754,1.7378008287493754,1.7378008287493754,1.9054607179632472,1.8197008586099834,1.8197008586099834,1.8197008586099834
1.6595869074375607,1.6595869074375607,1.6595869074375607,1.6595869074375607,1.6595869074375607,1.7378008287493754,1.7378008287493754,1.7378008287493754,1.7378008287493754,1.7378008287493754,1.7378008287493754,1.7378008287493754,1.7378008287493754,1.7378008287493754,1.8197008586099834,1.8197008586099834,1.7378008287493754,1.7378008287493754,1.8197008586099834,1.7378008287493754,1.7378008287493754,1.7378008287493754,1.7378008287493754,1.7378008287493754,1.7378008287493754,1.7378008287493754,1.7378008287493754,1.8197008586099834,1.8197008586099834,1.7378008287493754,1.7378008287493754,1.8197008586099834
1.5135612484362082,1.5135612484362082,1.5135612484362082,1.5135612484362082,1.5135612484362082,1.5135612484362082,1.5848931924611136,1.5848931924611136,1.6595869074375607,1.5848931924611136,1.5848931924611136,1.5848931924611136,1.5848931924611136,1.5848931924611136,1.6595869074375607,1.5848931924611136,1.5848931924611136,1.6595869074375607,1.6595869074375607,1.5848931924611136,1.5848931924611136,1.5848931924611136,1.5135612484362082,1.5135612484362082,1.5848931924611136,1.5135612484362082,1.5135612484362082,1.5848931924611136,1.5848931924611136,1.6595869074375607,1.5848931924611136,1.5848931924611136
1.5135612484362082,1.4454397707459274,1.4454397707459274,1.4454397707459274,1.4454397707459274,1.4454397707459274,1.4454397707459274,1.4454397707459274,1.4454397707459274,1.4454397707459274,1.4454397707459274,1.4454397707459274,1.4454397707459274,1.4454397707459274,1.4454397707459274,1.4454397707459274,1.4454397707459274,1.4454397707459274,1.5135612484362082,1.5135612484362082,1.5135612484362082,1.5135612484362082,1.5135612484362082,1.4454397707459274,1.5135612484362082,1.5135612484362082,1.5135612484362082,1.5135612484362082,1.5135612484362082,1.5848931924611136,1.5135612484362082,1.4454397707459274
1.5848931924611136,1.5848931924611136,1.5848931924611136,1.5848931924611136,1.5848931924611136,1.5848931924611136,1.5848931924611136,1.5848931924611136,1.5848931924611136,1.5848931924611136,1.5848931924611136,1.5848931924611136,1.5848931924611136,1.5848931924611136,1.5848931924611136,1.6595869074375607,1.5848931924611136,1.5848931924611136,1.5848931924611136,1.5848931924611136,1.5848931924611136,1.5848931924611136,1.5848931924611136,1.5848931924611136,1.6595869074375607,1.5848931924611136,1.5848931924611136,1.5848931924611136,1.5848931924611136,1.5848931924611136,1.5848931924611136,1.5848931924611136
1.5848931924611136,1.5848931924611136,1.6595869074375607,1.6595869074375607,1.6595869074375607,1.5848931924611136,1.5848931924611136,1.5848931924611136,1.5848931924611136,1.6595869074375607,1.5848931924611136,1.6595869074375607,1.6595869074375607,1.5848931924611136,1.6595869074375607,1.6595869074375607,1.6595869074375607,1.6595869074375607,1.7378008287493754,1.6595869074375607,1.6595869074375607,1.6595869074375607,1.6595869074375607,1.6595869074375607,1.6595869074375607,1.6595869074375607,1.6595869074375607,1.6595869074375607,1.6595869074375607,1.6595869074375607,1.6595869074375607,1.5848931924611136
1.5848931924611136,1.5848931924611136,1.6595869074375607,1.7378008287493754,1.7378008287493754,1.7378008287493754,1.6595869074375607,1.6595869074375607,1.6595869074375607,1.7378008287493754,1.7378008287493754,1.6595869074375607,1.6595869074375607,1.6595869074375607,1.6595869074375607,1.7378008287493754,1.6595869074375607,1.6595869074375607,1.7378008287493754,1.6595869074375607,1.6595869074375607,1.6595869074375607,1.6595869074375607,1.6595869074375607,1.6595869074375607,1.5848931924611136,1.6595869074375607,1.6595869074375607,1.6595869074375607,1.6595869074375607,1.5848931924611136,1.6595869074375607
1.6595869074375607,1.6595869074375607,1.6595869074375607,1.7378008287493754,1.7378008287493754,1.7378008287493754,1.7378008287493754,1.7378008287493754,1.7378008287493754,1.7378008287493754,1.7378008287493754,1.7378008287493754,1.7378008287493754,1.7378008287493754,1.8197008586099834,1.8197008586099834,1.7378008287493754,1.8197008586099834,1.8197008586099834,1.8197008586099834,1.7378008287493754,1.7378008287493754,1.7378008287493754,1.8197008586099834,1.7378008287493754,1.7378008287493754,1.7378008287493754,1.6595869074375607,1.6595869074375607,1.7378008287493754,1.7378008287493754,1.7378008287493754
1.6595869074375607,1.5848931924611136,1.6595869074375607,1.6595869074375607,1.5848931924611136,1.5848931924611136,1.5135612484362082,1.5848931924611136,1.5848931924611136,1.5848931924611136,1.5848931924611136,1.6595869074375607,1.6595869074375607,1.6595869074375607,1.7378008287493754,1.6595869074375607,1.5848931924611136,1.5848931924611136,1.7378008287493754,1.5848931924611136,1.6595869074375607,1.5848931924611136,1.5848931924611136,1.5848931924611136,1.5848931924611136,1.5848931924611136,1.5848931924611136,1.5848931924611136,1.5848931924611136,1.6595869074375607,1.6595869074375607,1.5848931924611136
1.6595869074375607,1.6595869074375607,1.6595869074375607,1.7378008287493754,1.7378008287493754,1.7378008287493754,1.7378008287493754,1.7378008287493754,1.7378008287493754,1.7378008287493754,1.7378008287493754,1.6595869074375607,1.6595869074375607,1.6595869074375607,1.6595869074375607,1.7378008287493754,1.7378008287493754,1.7378008287493754,1.9952623149688795,1.8197008586099834,1.7378008287493754,1.8197008586099834,1.7378008287493754,1.7378008287493754,1.7378008287493754,1.7378008287493754,1.7378008287493754,1.6595869074375607,1.6595869074375607,1.6595869074375607,1.6595869074375607,1.6595869074375607
1.7378008287493754,1.7378008287493754,1.7378008287493754,1.7378008287493754,1.7378008287493754,1.7378008287493754,1.7378008287493754,1.7378008287493754,1.7378008287493754,1.7378008287493754,1.8197008586099834,1.7378008287493754,1.7378008287493754,1.7378008287493754,1.7378008287493754,1.8197008586099834,1.8197008586099834,1.7378008287493754,1.8197008586099834,1.7378008287493754,1.7378008287493754,1.7378008287493754,1.7378008287493754,1.7378008287493754,1.8197008586099834,1.7378008287493754,1.7378008287493754,1.7378008287493754,1.7378008287493754,1.6595869074375607,1.7378008287493754,1.7378008287493754
1.5848931924611136,1.5848931924611136,1.5848931924611136,1.6595869074375607,1.5848931924611136,1.6595869074375607,1.6595869074375607,1.6595869074375607,1.6595869074375607,1.7378008287493754,1.7378008287493754,1.7378008287493754,1.7378008287493754,1.7378008287493754,1.6595869074375607,1.6595869074375607,1.7378008287493754,1.6595869074375607,1.7378008287493754,1.6595869074375607,1.6595869074375607,1.6595869074375607,1.6595869074375607,1.6595869074375607,1.6595869074375607,1.5848931924611136,1.5848931924611136,1.6595869074375607,1.6595869074375607,1.6595869074375607,1.7378008287493754,1.6595869074375607
1.6595869074375607,1.6595869074375607,1.6595869074375607,1.6595869074375607,1.6595869074375607,1.6595869074375607,1.6595869074375607,1.6595869074375607,1.7378008287493754,1.7378008287493754,1.7378008287493754,1.7378008287493754,1.7378008287493754,1.8197008586099834,1.7378008287493754,1.7378008287493754,1.7378008287493754,1.7378008287493754,1.8197008586099834,1.8197008586099834,1.7378008287493754,1.7378008287493754,1.7378008287493754,1.7378008287493754,1.7378008287493754,1.6595869074375607,1.7378008287493754,1.8197008586099834,1.8197008586099834,1.7378008287493754,1.6595869074375607,1.6595869074375607
1.5135612484362082,1.5135612484362082,1.5848931924611136,1.5848931924611136,1.5848931924611136,1.5848931924611136,1.5135612484362082,1.5848931924611136,1.5848931924611136,1.5848931924611136,1.5848931924611136,1.5848931924611136,1.6595869074375607,1.5848931924611136,1.5135612484362082,1.5135612484362082,1.5848931924611136,1.5848931924611136,1.6595869074375607,1.5848931924611136,1.5135612484362082,1.5848931924611136,1.6595869074375607,1.5135612484362082,1.5135612484362082,1.5135612484362082,1.5135612484362082,1.5848931924611136,1.6595869074375607,1.5848931924611136,1.5848931924611136,1.5848931924611136
1.4454397707459274,1.4454397707459274,1.3803842646028848,1.3803842646028848,1.3803842646028848,1.3803842646028848,1.3803842646028848,1.3803842646028848,1.3803842646028848,1.4454397707459274,1.4454397707459274,1.4454397707459274,1.4454397707459274,1.4454397707459274,1.4454397707459274,1.4454397707459274,1.4454397707459274,1.4454397707459274,1.5135612484362082,1.4454397707459274,1.5135612484362082,1.3803842646028848,1.3803842646028848,1.3803842646028848,1.3803842646028848,1.4454397707459274,1.4454397707459274,1.4454397707459274,1.4454397707459274,1.4454397707459274,1.4454397707459274,1.4454397707459274
1.5848931924611136,1.6595869074375607,1.7378008287493754,1.7378008287493754,1.7378008287493754,1.7378008287493754,1.7378008287493754,1.6595869074375607,1.7378008287493754,1.7378008287493754,1.6595869074375607,1.7378008287493754,1.7378008287493754,1.7378008287493754,1.7378008287493754,1.7378008287493754,1.7378008287493754,1.7378008287493754,1.8197008586099834,1.7378008287493754,1.6595869074375607,1.7378008287493754,1.6595869074375607,1.7378008287493754,1.6595869074375607,1.7378008287493754,1.6595869074375607,1.6595869074375607,1.6595869074375607,1.6595869074375607,1.6595869074375607,1.6595869074375607
1.6595869074375607,1.6595869074375607,1.7378008287493754,1.7378008287493754,1.7378008287493754,1.7378008287493754,1.7378008287493754,1.7378008287493754,1.7378008287493754,1.7378008287493754,1.6595869074375607,1.6595869074375607,1.6595869074375607,1.7378008287493754,1.7378008287493754,1.7378008287493754,1.8197008586099834,1.7378008287493754,1.8197008586099834,1.7378008287493754,1.7378008287493754,1.6595869074375607,1.6595869074375607,1.7378008287493754,1.7378008287493754,1.6595869074375607,1.6595869074375607,1.6595869074375607,1.8197008586099834,1.8197008586099834,1.7378008287493754,1.6595869074375607
1.5848931924611136,1.5848931924611136,1.6595869074375607,1.6595869074375607,1.6595869074375607,1.6595869074375607,1.6595869074375607,1.6595869074375607,1.6595869074375607,1.6595869074375607,1.6595869074375607,1.6595869074375607,1.6595869074375607,1.7378008287493754,1.7378008287493754,1.7378008287493754,1.7378008287493754,1.7378008287493754,1.7378008287493754,1.8197008586099834,1.8197008586099834,1.6595869074375607,1.6595869074375607,1.6595869074375607,1.6595869074375607,1.6595869074375607,1.5848931924611136,1.6595869074375607,1.6595869074375607,1.6595869074375607,1.7378008287493754,1.6595869074375607
1.5848931924611136,1.5135612484362082,1.5135612484362082,1.5848931924611136,1.6595869074375607,1.5848931924611136,1.5848931924611136,1.5135612484362082,1.5135612484362082,1.5848931924611136,1.5135612484362082,1.5135612484362082,1.5135612484362082,1.5848931924611136,1.5848931924611136,1.5848931924611136,1.5848931924611136,1.5848931924611136,1.6595869074375607,1.5848931924611136,1.5848931924611136,1.6595869074375607,1.5848931924611136,1.5135612484362082,1.5848931924611136,1.5848931924611136,1.5848931924611136,1.5848931924611136,1.5848931924611136,1.5848931924611136,1.5848931924611136,1.5848931924611136
1.5848931924611136,1.5848931924611136,1.5848931924611136,1.6595869074375607,1.7378008287493754,1.7378008287493754,1.7378008287493754,1.7378008287493754,1.7378008287493754,1.6595869074375607,1.6595869074375607,1.7378008287493754,1.6595869074375607,1.7378008287493754,1.7378008287493754,1.6595869074375607,1.7378008287493754,1.7378008287493754,1.7378008287493754,1.7378008287493754,1.6595869074375607,1.7378008287493754,1.6595869074375607,1.6595869074375607,1.6595869074375607,1.6595869074375607,1.6595869074375607,1.6595869074375607,1.6595869074375607,1.7378008287493754,1.7378008287493754,1.6595869074375607
1.5848931924611136,1.5848931924611136,1.5848931924611136,1.5848931924611136,1.6595869074375607,1.6595869074375607,1.6595869074375607,1.6595869074375607,1.6595869074375607,1.6595869074375607,1.6595869074375607,1.6595869074375607,1.6595869074375607,1.6595869074375607,1.6595869074375607,1.6595869074375607,1.7378008287493754,1.6595869074375607,1.8197008586099834,1.7378008287493754,1.6595869074375607,1.6595869074375607,1.6595869074375607,1.6595869074375607,1.6595869074375607,1.6595869074375607,1.6595869074375607,1.6595869074375607,1.6595869074375607,1.6595869074375607,1.6595869074375607,1.5848931924611136
1.5135612484362082,1.5135612484362082,1.5135612484362082,1.5135612484362082,1.5848931924611136,1.5848931924611136,1.5848931924611136,1.5848931924611136,1.6595869074375607,1.6595869074375607,1.5848931924611136,1.6595869074375607,1.6595869074375607,1.6595869074375607,1.6595869074375607,1.6595869074375607,1.7378008287493754,1.7378008287493754,1.7378008287493754,1.6595869074375607,1.5848931924611136,1.6595869074375607,1.5848931924611136,1.5848931924611136,1.5848931924611136,1.5848931924611136,1.5848931924611136,1.5848931924611136,1.6595869074375607,1.6595869074375607,1.6595869074375607,1.5848931924611136
1.5135612484362082,1.5848931924611136,1.5848931924611136,1.5848931924611136,1.5848931924611136,1.5848931924611136,1.5135612484362082,1.5135612484362082,1.5135612484362082,1.5848931924611136,1.5135612484362082,1.5848931924611136,1.5848931924611136,1.5135612484362082,1.5135612484362082,1.5848931924611136,1.5848931924611136,1.5848931924611136,1.6595869074375607,1.6595869074375607,1.5848931924611136,1.6595869074375607,1.5848931924611136,1.5848931924611136,1.5848931924611136,1.5848931924611136,1.5848931924611136,1.5848931924611136,1.5848931924611136,1.5848931924611136,1.5135612484362082,1.5135612484362082
0.0,1.3803842646028848,1.3803842646028848,0.0,0.0,0.0,0.0,0.0,1.3803842646028848,1.3803842646028848,0.0,1.3803842646028848,1.3803842646028848,1.4454397707459274,1.4454397707459274,1.3803842646028848,1.3803842646028848,1.3803842646028848,1.5135612484362082,1.5135612484362082,1.3803842646028848,1.3803842646028848,1.3803842646028848,1.3803842646028848,1.3803842646028848,1.3803842646028848,1.3803842646028848,1.3803842646028848,1.3803842646028848,1.5135612484362082,1.3803842646028848,1.3803842646028848
